		Joseph				Timothee	langpair			Ona				work_type	
		Scatter plot of teacher parameters vs student parameters													
	What do we want to say	Distilation compression, most works actually use it to improve performance								People use different datasets, and is difficult to compare and withdraw conclusions. Histogram	Everyone uses BLEu, no statistical analysis, no neural metric. Histogram? Quantification?	Seq-kD preferred over word kd, very little works using both. As stats in discussing table 1	nothing	nothing	
URL	Study	Compression ratio	Teacher params	Student params	Languages Count			English centric?	Same architecture?	Dataset	Metric	KD type	Remarks	Section	Person
https://arxiv.org/pdf/1902.10461	\citet{tan2019multilingual}	1	hidden size: 256/512 ff: 1024/2048 layers: 2/6	hidden size: 256/512 ff: 1024/2048 layers: 2/6	63	en, Ar Cs De He Nl Pt, Ro Ru Th Tr Vi Zh,Cs De Fi Lv Ro Ru, Ar Bg Cs Da De El Es Et Fa Fi Frca, Fr Gl He Hi Hr Hu Hy Id It Ja Ka, Ko Ku Lt Mk My Nb Nl Pl Ptbr Pt Ro, Ru Sk Sl Sq Sr Sv Th Tr Uk Vi Zh	ar-en bg-en cs-en da-en de-en el-en en-ar en-bg en-cs en-da en-de en-el en-es en-et en-fa en-fi en-fr en-gl en-he en-hi en-hr en-hu en-hy en-id en-it en-ja en-ka en-ko en-ku en-lt en-lv en-mk en-my en-nb en-nl en-pl en-pt en-ro en-ru en-sk en-sl en-sq en-sr en-sv en-th en-tr en-uk en-vi en-zh es-en et-en fa-en fi-en fr-en gl-en he-en hi-en hr-en hu-en hy-en id-en it-en ja-en ka-en ko-en ku-en lt-en lv-en mk-en my-en nb-en nl-en pl-en pt-en ro-en ru-en sk-en sl-en sq-en sr-en sv-en th-en tr-en uk-en vi-en zh-en	y	y	IWSLT	BLEU	Word-KD	First work on Multilingual MT. Introduces Selective KD, Top-K, Back-distillation. Relies on powerful bilingual teachers.\\ % 12 6 44	MMT	
https://dl.acm.org/doi/abs/10.1145/3546067	\citet{doo-dee-2023-target}	1	hidden size: 1024 heads: 4 params: 53.7M layers: 6	hidden size: 1024 heads: 4 params: 53.7M layers: 6	7	de, fr, en, ko, ja, vi zh	de-en en-de en-fr fr-en en-ko en-ko ja-en en-ja vi-en en-vi zh-en en-zh	y	y	TED Talks	BLEU	Word-KD	Introduce Target-Oriented KD for Family-based KD. Multilingual teachers improve knowledge transfer.\\	MMT	
https://arxiv.org/pdf/2210.11621	\citet{mohammadshahi2022small100}\textsuperscript{*}	3.64	1.2B	330M	100	af, , lg, , lt, , sn, , gl,  am, , ka, , luo, , sd, , gd,  ar, , de, , lb, , sk, , ht,  hy, , el, , mk, , sl, , su,  as, , gu, , ms, , so, , ln,  ast, , ha, , ml, , ku, , ilo,  az, , he, , mt, , es, , mg,  be, , hi, , mr, , sw, , tn,  bn, , hu, , mi, , sv, , br,  bs, , is, , mn, , tg, , ns,  bg, , ig, , ne, , ta, , si,  my, , id, , nso, , te, , yi,  ca, , ga, , no, , th, , fy,  ceb, , it, , ny, , tr, , sq,  zh, , ja, , oc, , uk, , ss,  hr, , jv, , or, , umb, , fr,  cs, , kea, , om, , ur, , ff,  da, , kam, , ps, , uz, , lo,  nl, , kn, , fa, , vi, , lv,  en, , kk, , pl, , cy, , ru,  et, , km, , pt, , wo, , sr,  tl, , ko, , pa, , xh, , zu,  fi, , ky, , ro, , yo, , ba, 		n	y	CCAligned, CCMatrix, Flores+, Tatoeba, Tico-19	spBLEU	Word-KD	Word-KD with uniform sub-sampling and deep encoder/shallow decoder architecture.\\	MMT	
https://arxiv.org/pdf/2205.03983	\citet{bapna2022building}	18.18, 7.06	6B	330M	31	en, ff, kri, doi, bm, ay, gom, bho, kl, ee, qu, gn, ak, ts, mai, ln, nso, lg, ilo, ti, om, sa, dv, lus, as, ckb	ak-en as-en ay-en bho-en bm-en ckb-en doi-en dv-en ee-en en-ak en-as en-ay en-bho en-bm en-ckb en-doi en-dv en-ee en-ff en-gn en-gom en-ilo en-kl en-kri en-lg en-ln en-lus en-mai en-nso en-om en-qu en-sa en-ti en-ts ff-en gn-en gom-en ilo-en kl-en kri-en lg-en ln-en lus-en mai-en nso-en om-en qu-en sa-en ti-en ts-en	y	y	Unpublished	ChrF, BLEU	Seq-KD	Seq-KD with deep/shallow encoder/LSTM decoder. Two students: deep encoder performs better. Not reproducible. \\	MMT	
https://arxiv.org/pdf/2207.04672	\citet{costa2022nllb}	2.6, 87.8, 41.54	54B	615M	25, 202	ace_Arab, ace_Latn, acm_Arab, acq_Arab, aeb_Arab, afr_Latn, apc_Arab, aka_Latn, amh_Ethi, apc_Arab, arb_Arab, arb_Latn, ars_Arab, ary_Arab, arz_Arab, asm_Beng, ast_Latn, awa_Deva, ayr_Latn, azb_Arab, azj_Latn, bak_Cyrl, bam_Latn, ban_Latn, bel_Cyrl, bem_Latn, ben_Beng, bho_Deva, bjn_Arab, bjn_Latn, bod_Tibt, bos_Latn, bug_Latn, bul_Cyrl, cat_Latn, ceb_Latn, ces_Latn, cjk_Latn, ckb_Arab, crh_Latn, cym_Latn, dan_Latn, deu_Latn, dik_Latn, dyu_Latn, dzo_Tibt, ell_Grek, eng_Latn, epo_Latn, est_Latn, eus_Latn, ewe_Latn, fao_Latn, fij_Latn, fin_Latn, fon_Latn, fra_Latn, fur_Latn, fuv_Latn, gla_Latn, gle_Latn, glg_Latn, grn_Latn, guj_Gujr, hat_Latn, hau_Latn, heb_Hebr, hin_Deva, hne_Deva, hrv_Latn, hun_Latn, hye_Armn, ibo_Latn, ilo_Latn, ind_Latn, isl_Latn, ita_Latn, jav_Latn, jpn_Jpan, kab_Latn, kac_Latn, kam_Latn, kan_Knda, kas_Arab, kas_Deva, kat_Geor, knc_Arab, knc_Latn, kaz_Cyrl, kbp_Latn, kea_Latn, khm_Khmr, kik_Latn, kin_Latn, kir_Cyrl, kmb_Latn, kmr_Latn, kon_Latn, kor_Hang, lao_Laoo, lij_Latn, lim_Latn, lin_Latn, lit_Latn, lmo_Latn, ltg_Latn, ltz_Latn, lua_Latn, lug_Latn, luo_Latn, lus_Latn, lvs_Latn, mag_Deva, mai_Deva, mal_Mlym, mar_Deva, min_Arab, min_Latn, mkd_Cyrl, plt_Latn, mlt_Latn, mni_Beng, khk_Cyrl, mos_Latn, mri_Latn, mya_Mymr, nld_Latn, nno_Latn, nob_Latn, npi_Deva, nso_Latn, nus_Latn, nya_Latn, oci_Latn, gaz_Latn, ory_Orya, pag_Latn, pan_Guru, pap_Latn, pes_Arab, pol_Latn, por_Latn, prs_Arab, pbt_Arab, quy_Latn, ron_Latn, run_Latn, rus_Cyrl, sag_Latn, san_Deva, sat_Olck, scn_Latn, shn_Mymr, sin_Sinh, slk_Latn, slv_Latn, smo_Latn, sna_Latn, snd_Arab, som_Latn, sot_Latn, spa_Latn, als_Latn, srd_Latn, srp_Cyrl, ssw_Latn, sun_Latn, swe_Latn, swh_Latn, szl_Latn, tam_Taml, tat_Cyrl, tel_Telu, tgk_Cyrl, tgl_Latn, tha_Thai, tir_Ethi, taq_Latn, taq_Tfng, tpi_Latn, tsn_Latn, tso_Latn, tuk_Latn, tum_Latn, tur_Latn, twi_Latn, tzm_Tfng, uig_Arab, ukr_Cyrl, umb_Latn, urd_Arab, uzn_Latn, vec_Latn, vie_Latn, war_Latn, wol_Latn, xho_Latn, ydd_Hebr, yor_Latn, yue_Hant, zho_Hans, zho_Hant, zsm_Latn, zul_Latn	ace-en acm-en acq-en aeb-en afr-en ajp-en aka-en als-en amh-en apc-en arb-en ars-en ary-en arz-en asm-en ast-en awa-en ayr-en azb-en azj-en bak-en bam-en ban-en bel-en bem-en ben-en bho-en bjn-en bod-en bos-en bug-en bul-en cat-en ceb-en ces-en cjk-en ckb-en crh-en cym-en dan-en deu-en dik-en dyu-en dzo-en ell-en en-ace en-acm en-acq en-aeb en-afr en-ajp en-aka en-als en-amh en-apc en-arb en-ars en-ary en-arz en-asm en-ast en-awa en-ayr en-azb en-azj en-bak en-bam en-ban en-bel en-bem en-ben en-bho en-bjn en-bod en-bos en-bug en-bul en-cat en-ceb en-ces en-cjk en-ckb en-crh en-cym en-dan en-deu en-dik en-dyu en-dzo en-ell en-epo en-est en-eus en-ewe en-fao en-fij en-fin en-fon en-fra en-fur en-fuv en-gaz en-gla en-gle en-glg en-grn en-guj en-hat en-hau en-heb en-hin en-hne en-hrv en-hun en-hye en-ibo en-ilo en-ind en-isl en-ita en-jav en-jpn en-kab en-kac en-kam en-kan en-kas en-kat en-kaz en-kbp en-kea en-khk en-khm en-kik en-kin en-kir en-kmb en-kmr en-knc en-kon en-kor en-lao en-lij en-lim en-lin en-lit en-lmo en-ltg en-ltz en-lua en-lug en-luo en-lus en-lvs en-mag en-mai en-mal en-mar en-min en-mkd en-mlt en-mni en-mos en-mri en-mya en-nld en-nno en-nob en-npi en-nso en-nus en-nya en-oci en-ory en-pag en-pan en-pap en-pbt en-pes en-plt en-pol en-por en-prs en-quy en-ron en-run en-rus en-sag en-san en-sat en-scn en-shn en-sin en-slk en-slv en-smo en-sna en-snd en-som en-sot en-spa en-srd en-srp en-ssw en-sun en-swe en-swh en-szl en-tam en-taq en-tat en-tel en-tgk en-tgl en-tha en-tir en-tpi en-tsn en-tso en-tuk en-tum en-tur en-twi en-tzm en-uig en-ukr en-umb en-urd en-uzn en-vec en-vie en-war en-wol en-xho en-ydd en-yor en-yue en-zho en-zsm en-zul epo-en est-en eus-en ewe-en fao-en fij-en fin-en fon-en fra-en fur-en fuv-en gaz-en gla-en gle-en glg-en grn-en guj-en hat-en hau-en heb-en hin-en hne-en hrv-en hun-en hye-en ibo-en ilo-en ind-en isl-en ita-en jav-en jpn-en kab-en kac-en kam-en kan-en kas-en kat-en kaz-en kbp-en kea-en khk-en khm-en kik-en kin-en kir-en kmb-en kmr-en knc-en kon-en kor-en lao-en lij-en lim-en lin-en lit-en lmo-en ltg-en ltz-en lua-en lug-en luo-en lus-en lvs-en mag-en mai-en mal-en mar-en min-en mkd-en mlt-en mni-en mos-en mri-en mya-en nld-en nno-en nob-en npi-en nso-en nus-en nya-en oci-en ory-en pag-en pan-en pap-en pbt-en pes-en plt-en pol-en por-en prs-en quy-en ron-en run-en rus-en sag-en san-en sat-en scn-en shn-en sin-en slk-en slv-en smo-en sna-en snd-en som-en sot-en spa-en srd-en srp-en ssw-en sun-en swe-en swh-en szl-en tam-en taq-en tat-en tel-en tgk-en tgl-en tha-en tir-en tpi-en tsn-en tso-en tuk-en tum-en tur-en twi-en tzm-en uig-en ukr-en umb-en urd-en uzn-en vec-en vie-en war-en wol-en xho-en ydd-en yor-en yue-en zho-en zsm-en zul-en	n	y	Wikipedia	ChrF++	Word-KD, Seq-KD	Seq-KD outperfroms Word-KD, but is computationally expensive.\\	MMT	
https://arxiv.org/pdf/2305.16307	\citet{galaindictrans2}	5.21	1.1B	211M	23	en, asm_Beng, ben_Beng, brx_Deva, doi_Deva, gom_Deva, guj_Gujr, hin_Deva, kan_Knda, kas_Arab, kas_Deva, mai_Deva, mal_Mlym, mar_Deva, mni_Beng, mni_Mtei, npi_Deva, ory_Orya, pan_Guru, san_Deva, sat_Olck, snd_Arab, snd_Deva, tam_Taml, tel_Telu, urd_Arab	asm-en ben-en brx-en doi-en en-asm en-ben en-brx en-doi en-gom en-guj en-hin en-kan en-kas en-mai en-mal en-mar en-mni en-npi en-ory en-pan en-san en-sat en-snd en-tam en-tel en-urd gom-en guj-en hin-en kan-en kas-en mai-en mal-en mar-en mni-en npi-en ory-en pan-en san-en sat-en snd-en tam-en tel-en urd-en	y	y	BPCC	chrF++	Word-KD	Word-KD, post-distillation fine-tuning, deep and thin transformer\\	MMT	
https://ieeexplore.ieee.org/stamp/stamp.jsp?tp=&arnumber=9257421	\citet{zhang2020improving}\textsuperscript{*}	-	fasttext embeddings embedding size: 512 context window: 5	tf-base	3	uy, zh, mo	uig-zh uig-mon zh-uig zh-mon mon-zh mon-uig	n	n	CWMT2017,CWMT2018,CWMT2019	BLEU	Word-KD	Teacher-free KD based on FastText Word Embeddings trained on target monolingual data.\\	LRMT	
https://aclanthology.org/2020.emnlp-main.615v2.pdf	\citet{baziotis-etal-2021-exploring}	-	embedding size: 1024 hidden size: 4096 layers: 6 heads: 16 decoder-only	embedding size: 512 hidden size: 1024 layers: 6 heads: 8	3	en, de, tr	en-de en-tr de-en tr-en	y	n	News Commentary v13, WMT-20\{17,18\}	BLEU	Word-KD	LM-based distillation trained on target monolingual data. \\	LRMT	
https://www.sciencedirect.com/science/article/abs/pii/S095741742402181X	\citet{zhang2024distilling} \\	-	BERT-base-cased, BERT-base-multilingual-cased	l: 6, embedding: 512, ffn: 2014, h: 4, vocab: 10k	6	en, vi, en, fr	en-vi vi-en en-fr fr-en	y	n	IWSLT14, IWSLT15, IWSLT17	BLEU	Word-KD		LRMT	
https://aclanthology.org/P17-1176/	\citet{chen2017teacher}	1	vocab: 30k https://github.com/nyu-dl/dl4mt-tutorial	https://github.com/nyu-dl/dl4mt-tutorial	4	es, fr, de, en	de-en de-es de-fr en-de en-es en-fr es-de es-en es-fr fr-de fr-en fr-es	n	?	EuroParl, WMT	BLEU	Word-KD, Seq-KD	Pivot-based Seq-KD and Word-KD. Simulated low-resource scenario.\\	LRMT	
https://arxiv.org/pdf/1908.06258	\citet{he2019language}\textsuperscript{*}	1	Transformer hidden size: 256 ff: 1024 layers: 6	Transformer hidden size: 256 ff: 1024 layers: 6	9	ar, fi, he, nb, sl, en, fr, ru, sk	ar-en ar-fi ar-fr ar-he ar-nb ar-ru ar-sk ar-sl en-ar en-fi en-fr en-he en-nb en-ru en-sk en-sl fi-ar fi-en fi-fr fi-he fi-nb fi-ru fi-sk fi-sl fr-ar fr-en fr-fi fr-he fr-nb fr-ru fr-sk fr-sl he-ar he-en he-fi he-fr he-nb he-ru he-sk he-sl nb-ar nb-en nb-fi nb-fr nb-he nb-ru nb-sk nb-sl ru-ar ru-en ru-fi ru-fr ru-he ru-nb ru-sk ru-sl sk-ar sk-en sk-fi sk-fr sk-he sk-nb sk-ru sk-sl sl-ar sl-en sl-fi sl-fr sl-he sl-nb sl-ru sl-sk	n	y	TED Talks	BLEU	Seq-KD	Language-Graph Seq-KD. Greedy approach to select the best path. \\	LRMT	
https://www.ijcai.org/proceedings/2022/0618.pdf	\citet{Yang_2022} \\	1	transformer_big l: 6, h: 16, emb edding sized: 1024, ffn: 4096, vocab?	transformer_big l: 6, h: 16, emb edding sized: 1024, ffn: 4096, vocab?	9	en, fr, cs, de, fi, et, ro, hi, tr	cs-en de-en en-cs en-de en-et en-fi en-fr en-hi en-ro en-tr et-en fi-en fr-en hi-en ro-en tr-en	y	y	WMT, TED Talks, NewsCrawl	BLEU	Seq-KD		LRMT	
https://aclanthology.org/2024.lrec-main.1063.pdf	\citet{ahmed2024neural} \\	1	vocab: 30k, tf-base	vocab: 30k, tf-base	5	xho, sul, nso, tsn, en	en-nso en-zul en-tsn en-xho nso-en nso-tsn zul-en zul-xho tsn-en tsn-nso  xho-en xho-zul	n	y	WMT2022, Flores	BLEU	Seq-KD		LRMT	
https://aclanthology.org/2020.coling-main.302.pdf	\citet{saleh2020collective}	1	hs: 256, ff: 1024, l: 2	hs: 256, ff: 1024, l: 2	6	ru,de,it,pl,nl,es- en, sl, gl, et, nb, eu	de-en en-de en-es en-et en-eu en-gl en-it en-nb en-nl en-pl en-ru en-sl es-en et-en eu-en gl-en it-en nb-en nl-en pl-en ru-en sl-en	y	y	IWSLT 2014, TED	BLEU	Word-KD	Word-KD, Selective KD, Adaptive KD. \\	LRMT	
https://aclanthology.org/2021.findings-emnlp.114.pdf	\citet{saleh-etal-2021-multilingual-neural} \\	1	hs: 256, ff: 1024, l: 6	hs: 256, ff: 1024, l: 6	54	kk, be, bn, eu, ms, bs, az, ur, ta, mn, mr, gl, ku, et, ka, nb, hi, sl, hy, my, fi, mk, lt, sq, da, sv, sk, id, th, cs, uk, hr, el, sr, hu, fa, de, ja, vi, bg, pl, ro, tr, nl, zh, es, it, ko, ru, he, fr, ar, pt	ar-en az-en be-en bg-en bn-en bs-en cs-en da-en de-en el-en en-ar en-az en-be en-bg en-bn en-bs en-cs en-da en-de en-el en-es en-et en-eu en-fa en-fi en-fr en-gl en-he en-hi en-hr en-hu en-hy en-id en-it en-ja en-ka en-kk en-ko en-ku en-lt en-mk en-mn en-mr en-ms en-my en-nb en-nl en-pl en-pt en-ro en-ru en-sk en-sl en-sq en-sr en-sv en-ta en-th en-tr en-uk en-ur en-vi en-zh es-en et-en eu-en fa-en fi-en fr-en gl-en he-en hi-en hr-en hu-en hy-en id-en it-en ja-en ka-en kk-en ko-en ku-en lt-en mk-en mn-en mr-en ms-en my-en nb-en nl-en pl-en pt-en ro-en ru-en sk-en sl-en sq-en sr-en sv-en ta-en th-en tr-en uk-en ur-en vi-en zh-en	y	y	TED Talks	BLEU	Word-KD		LRMT	
https://aclanthology.org/2022.emnlp-main.458/	\citet{huang-etal-2022-unifying} \\	1	l: 6, h: 8, vocab: 64k, tfbase	l: 6, h: 8, vocab: 64k, tfbase	23	bos, mar, hin, mkd, ell, bul, fra, kor, aze, bel, glg, slk, tur, rus, por, ces, et, ro, tr, fr, de, zh, en	aze-en bel-en bos-en bul-en ces-en de-en ell-en en-aze en-bel en-bos en-bul en-ces en-de en-ell en-et en-fra en-glg en-hin en-kor en-mar en-mkd en-por en-ro en-rus en-slk en-tur en-zh et-en fra-en glg-en hin-en kor-en mar-en mkd-en por-en ro-en rus-en slk-en tur-en zh-en	y	y	TED-8-Diverse, TED-8-Related, WMT14, WMT16, WMT17, WMT18	BLEU	Word-KD		LRMT	
https://arxiv.org/pdf/2305.15718	\citet{huang2023towards} \\	1	l: 6, h: 8, vocab: 64k, tfbase	l: 6, h: 8, vocab: 64k, tfbase	23	bos, mar, hin, mkd, ell, bul, fra, kor, et, ro, tr, fr, de, zh, en	bos-en bul-en de-en ell-en en-bos en-bul en-de en-ell en-et en-fra en-hin en-kor en-mar en-mkd en-ro en-tr en-zh et-en fra-en hin-en kor-en mar-en mkd-en ro-en tr-en zh-en	y	y	TED-8-Diverse, TED-8-Related, WMT14, WMT16, WMT17, WMT18	BLEU	Word-KD		LRMT	
https://aclanthology.org/2024.loresmt-1.7/	\citet{roy-etal-2024-enhancing} \\	-	550M, XLM-R large	XLM-R + l: 12, h: 16 in the decoder	3	kannada, punjabi, hindi	hin-kan hin-pan kan-hin kan-pan pan-hin pan-kan	n	y	Samanantar, Flores	Bleu, ChrF	Word-KD		LRMT	
https://rua.ua.es/dspace/bitstream/10045/135116/1/Galiano-Jimenez_etal_Proceedings-EAMT-2023.pdf	\citet{galiano2023exploiting}	13.6	680M	50M	5	en, burmese, swahili, kyrgyz, macedonian	en-kir en-mkd en-mya en-swa kir-en mkd-en mya-en swa-en	y	y	OPUS, GoURMET, JW300, NewsCrawl, OSCAR, Flores200	BLEU, spBLEU	Seq-KD	Seq-KD from mBART50 with iterative back-translation and fine-tuning including languages not part of pretraining stage.\\	LRMT	
https://aclanthology.org/2023.americasnlp-1.20.pdf	\citet{de-gibert-etal-2023-four}\textsuperscript{*}	50.77	3.3B	l: 6, h: 8, embedding: 512, ff: 2048. tf-base	12		es-aym es-bzd es-cni es-czn es-gn es-hch es-nah es-oto es-shp es-tar es-quy	n	y	OpenSubtitles, AmericasNLP	ChrF	Seq-KD	Seq-KD and fine-tuning. \\	LRMT	
https://arxiv.org/pdf/2303.01347	\citet{song2023letz}	9.23	600M	tf-base	2	lb, de, en	lb-en de-en en-de en-lb	y	y	Gierschek (2022), Flores200, Tatoeba	BLEU, ChrF++	Seq-KD	Seq-KD and fine-tuning.\\	LRMT	
https://arxiv.org/pdf/2404.13813	\citet{enis2024llm}	41.54	54B	1.3B	2	en, yoruba	en-yor yor-en	y	y	BBC	spBLEU, ChrF++	Seq-KD		LRMT	
https://aclanthology.org/2020.wmt-1.61.pdf	\citet{dabre-fujita-2020-combining} \\	2.98, 2.10, 1.66, 5.15, 14.15	l: 6, h: 512, vocab: 8k	l: 1, h: 512, vocab: 8k	3	vi, en, hi	vi-en hi-en en-vi en-hi	y	y	Asian Languages Treebank, IWSLT 2015, IITB	BLEU	Seq-KD		LRMT	
https://aclanthology.org/2022.wmt-1.80.pdf	\citet{diddee-etal-2022-brittle} \\	3.07, 8.03, 6.50, 3.09, 1.23			8		bzd-es hch-es unr-hin gon-hin asm-eng ori-eng pan-eng guj-eng	n	y	AmericasNLP, Feldman and Coto-Solano (2020), GGNET Swara, Indian Institute of Technology, Flores and WAT2021, Samanantar, Tatoeba Challenge	BLEU, ChrF++	Word-KD		LRMT	
https://aclanthology.org/2023.eamt-1.11.pdf	\citet{gumma2023empirical} \\	2.29, 1.70, 2.08, 2.59, 3.40, 4.98	474		12	as, or, pa, gu, mr, kn, te, ta, ml, bn, hi, en		y	y	Samanantar, Flores	BLEU, ChrF++	Word-KD; Seq-KD		LRMT	
https://aclanthology.org/D19-1078.pdf	\citet{zeng-etal-2019-iterative} \\	1			3	zh, en, de	zh-en de-en en-zh en-de	y	y	IWSLT2015, IWSLT dev2010, NIST 2002, IWSLT tst2010, tst2011 tst2012, NIST 2003, 2004, 2005, 2006, TED Talk, WMT2014, OPUS EMEA	BLEU	Word-KD		Domain	
https://ebooks.iospress.nl/volumearticle/55130	\citet{mghabbar2020building} \\	1			2	en, fr	fr-en en-fr	y	y	WMT2014, EMEA, JRC, GNOME, BIBLE	BLEU	Word-KD		Domain	
https://ieeexplore.ieee.org/stamp/stamp.jsp?tp=&arnumber=9900324	\citet{liu2022neural}  \\	1			2	en, zh	en-zh zh-en	y	y	OpenSubtitles, WMT2017, UM	BLEU	Word-KD		Domain	
https://aclanthology.org/2021.naacl-main.308.pdf	\citet{gu-etal-2021-pruning} \\	1			4	en, zh, fr, de	zh-en fr-en de-en en-zh en-fr en-de	y	y	WMT2017, UM, WMT2014,WMT2019, WMT2016,IWSLT2015	BLEU	Word-KD		Domain	
https://aclanthology.org/2020.ngt-1.12.pdf	\citet{gordon-duh-2020-distill} \\	2,8,24			4	de, en, ru, zh	de-en ru-en zh-en en-de en-ru en-zh	y	y	OpenSubtitles, WMT2017, WIPO COPPA-V2, Ted Talks	BLEU	Seq-KD		Domain	
https://aclanthology.org/2020.emnlp-main.364.pdf	\citet{currey-etal-2020-distilling} \\	1.66			3	de, en, fr	de-en fr-en en-de en-fr	y	y	Europarl, JRC, EMEA, GNOME, KDE, PHP, Ubuntu, OpenOffice, WMT14, WMT19, MTNT, Ted Talks (IWSLT2017)	BLEU	Seq-KD		Domain	
https://aclanthology.org/N19-1192.pdf	\citet{wei-etal-2019-online} \\	1			4	zh, en, vi, tr	en-zh en-vi en-tr zh-en vi-en tr-en	y	y	NIST, WMT17, IWSLT15	BLEU	Word-KD		Domain	
https://arxiv.org/pdf/2212.02800	\citet{zhao2022life} 	1			12		en-it en-nl en-ro uig-zh tib-zh mon-zh zh-en ja-en de-en fi-en lv-en tr-en	n	y	TED, CCMT-19, KFTT, WMT17	BLEU	Seq-KD		Domain	
https://aclanthology.org/2023.acl-long.443.pdf	\citet{zhang-etal-2023-continual} \\	1	tf-base	tf-base	2	zh, en	zh-en en-zh	y	y	LDC, AI Challenger 2018, TED talks, OpenSubtitles, WMT, NIST	BLEU	Word-KD		Domain	
https://aclanthology.org/2023.acl-long.131/	\citet{wang-etal-2023-better}  \\				3	en, de, zh	de-en zh-en en-vi	y		WMT15 CWMT19 IWSLT15	BLEU	Seq-KD		Temporal	Joseph
https://arxiv.org/pdf/2212.01188	\citet{deng2022improving} \\				1		en-zh en-ja 							Temporal	Joseph
https://aclanthology.org/2023.eacl-main.270.pdf	\citet{sen-etal-2023-self} \\				1		en-de en-cs 							Temporal	Joseph
https://ieeexplore.ieee.org/stamp/stamp.jsp?tp=&arnumber=8863411	\citet{zhang2019future} \\				1		zh-en en-de							Temporal	Joseph
https://aclanthology.org/2021.acl-long.223.pdf	\citet{feng-etal-2021-guiding} \\				1		zh-en en-ro zh-en en-de							Temporal	Joseph
https://aclanthology.org/2022.acl-long.206.pdf	\citet{zhou-etal-2022-confidence} \\				1		en-de zh-en en-fr							Temporal	Joseph
https://aclanthology.org/2023.acl-long.63.pdf	\citet{zhuang-tu-2023-pretrained}\\				1									Temporal	Joseph
https://aclanthology.org/2022.naacl-main.277.pdf	\cite{shao2022one} \\	1	tf-base	tf-base	4	en, de, ro, fr	de-en ro-en fr-en en-de en-ro en-fr	y	y	WMT14, WMT16, IWSLT14	BLEU	Seq-KD		Temporal	
https://arxiv.org/pdf/2112.11640	\cite{guo2021self}\\	1	tf-base	tf-base	3	en, de, ro	en-de en-ro de-en ro-en	y	y	WMT14, IWSLT14	BLEU	Seq-KD		Temporal	
https://arxiv.org/pdf/2303.17910	\cite{liu2023selective} \\	1			3	en, de, ro	en-de en-ro de-en ro-en	y	y	WMT14, WMT16	BLEU, COMET	Seq-KD		Temporal	
https://aclanthology.org/2020.acl-main.171.pdf	\cite{zhou2020improving}\\	1	tf-base	tf-base	3	en, de, ro	en-de en-ro de-en ro-en	y	y	WMT16, WMT14, NewsCrawl2015, Europarlv8, Newcrawl2007/2008	BLEU	Seq-KD		Temporal	
https://arxiv.org/pdf/1911.02727	\citet{zhouunderstanding} \\	differnet sizes of teachers...			4	en, de, fr, es	en-de en-fr en-es de-en fr-en es-en	y	y	Europarl, WMT14	BLEU	Seq-KD		Temporal	
https://arxiv.org/pdf/1912.03334	\citet{gordon2019explaining}\\	1, 6.4	9M	1.4M	2	de, en	en-de de-en	y	n	TED Talks	BLEU	Seq-KD		Temporal	
https://aclanthology.org/2020.acl-main.15.pdf	\citet{ren-etal-2020-study}\\	1	tf-base	tf-base	2	de, en	en-de de-en	y	y	IWSLT 2014	BLEU	Seq-KD		Temporal	
https://aclanthology.org/2021.acl-long.266.pdf	\citet{ding2021rejuvenating}\\	1, 3.2			5	de, en, ro, zh, ja	en-de en-ro en-zh en-ja de-en ro-en zh-en ja-en	y	y	WMT14, WMT16, WMT17, WAT17, WMT19	BLEU	Seq-KD		Temporal	
https://openreview.net/pdf?id=ZTFeSBIX9C	\citet{ding2021understanding} \\	1, 3.2			5	en, de, ro, zh, ja	en-de en-ro en-zh en-ja de-en ro-en zh-en ja-en	y	y	WMT14, WMT16, WMT17, WAT17	BLEU	Seq-KD		Temporal	
https://aclanthology.org/2021.findings-acl.385.pdf	\citet{xu2021does}\\	1			2	en, de	en-de de-en	y	y	WMT14	BLEU	Seq-KD		Temporal	
https://aclanthology.org/D16-1139/	\citet{kim-rush-2016-sequence}				3	en, de, th	en-de th-en	y	y	WMT14 IWSLT15	BLEU, PPL	Word-KD, Seq-KD		Methods	
https://aclanthology.org/2021.acl-long.504/	\citet{wang-etal-2021-selective}				3	en, de, zh	en-de zh-en 	y		WMT14 WMT19	BLEU			Methods	
https://aclanthology.org/2022.emnlp-main.665.pdf	\citet{lee-etal-2022-hard}				3	en, de, vi	de-en en-vi	y		IWSLT14 IWSLT15 Multi30K 	BLEU, METEOR, WER, ROUGE-L, NIST, ECE, MCE			Methods	
https://aclanthology.org/2023.acl-long.448.pdf	\citet{{zhang-etal-2023-towards-understanding}				4	en, de, fr, ro	en-de en-fr en-ro	y		WMT14  WMT16	BLEU, COMET			Methods	
https://aclanthology.org/2023.emnlp-main.178.pdf	\citet{miao-etal-2023-exploring}				3	en, de, ro	de-en en-ro en-de	y		IWSLT14 WMT16 WMT14	BLEU, COMET			Methods	
https://arxiv.org/pdf/1702.01802	\citet{Freitag2017EnsembleDF}				2	en, de	de-en	y		WMT16	BLEU, TER			Methods	
https://aclanthology.org/2018.iwslt-1.4.pdf	\citet{zhang-etal-2018-analyzing}				2	en, de	en-de	y		WMT14 				Methods	
https://ieeexplore.ieee.org/stamp/stamp.jsp?tp=&arnumber=9722996	\citet{9722996}				5	en, de, es, fr, zh	en-de de-en en-es es-en en-fr fr-en en-zh zh-en	y		IWSLT14  IWSLT17	BLEU, BERTScore			Methods	
https://arxiv.org/pdf/2012.13866	\citet{li2020learninglightweighttranslationmodels}				3	en, de, zh	en-de zh-en 	y		WMT16  NIST12 WMT19 	BLEU, PPL			Methods	
https://aclanthology.org/2020.emnlp-main.494.pdf	\citet{lin-etal-2020-autoregressive}				2	en, de	en-de de-en	y		IWSLT14 WMT16 	PPL, BLEU			Methods	
https://arxiv.org/pdf/2306.10058	\citet{yoon2023emnetworkoracleguidedselfdistillation}				2	en, de	en-de de-en	y		OSCAR	BLEU			Methods	
https://aclanthology.org/2024.naacl-long.72.pdf	\citet{setiawan-2024-accurate}				3	en, de, zh	en-de de-en en-zh zh-en	y		WMT21 WMT20 	BLEU, ChrF, COMET22			Methods	
https://aclanthology.org/2023.acl-long.605.pdf	\citet{wen-etal-2023-f}				2	en, ro	en-ro	y		WMT16	BLEU, ChrF, TER			Methods	
https://arxiv.org/pdf/2306.13649	\citet{agarwal2024onpolicydistillationlanguagemodels}				2	en, de	en-de	y		WMT14	BLEU			Methods	
