URL	Study	Year	KD type	MT type	Compression ratio	Teacher params	Student params	tfbase teacher and student?	Student params	Languages Count	Languages	Language pairs	English centric?	Same architecture?	Dataset	Metric	Venue	Section	Remarks	Teacher params
https://arxiv.org/pdf/1902.10461	tan2019multilingual	2019	Word-KD	seq2seq	1	65M	65M	y	hidden size: 256/512 ff: 1024/2048 layers: 2/6	63	en, Ar Cs De He Nl Pt, Ro Ru Th Tr Vi Zh,Cs De Fi Lv Ro Ru, Ar Bg Cs Da De El Es Et Fa Fi Frca, Fr Gl He Hi Hr Hu Hy Id It Ja Ka, Ko Ku Lt Mk My Nb Nl Pl Ptbr Pt Ro, Ru Sk Sl Sq Sr Sv Th Tr Uk Vi Zh	ar-en bg-en cs-en da-en de-en el-en en-ar en-bg en-cs en-da en-de en-el en-es en-et en-fa en-fi en-fr en-gl en-he en-hi en-hr en-hu en-hy en-id en-it en-ja en-ka en-ko en-ku en-lt en-lv en-mk en-my en-nb en-nl en-pl en-pt en-ro en-ru en-sk en-sl en-sq en-sr en-sv en-th en-tr en-uk en-vi en-zh es-en et-en fa-en fi-en fr-en gl-en he-en hi-en hr-en hu-en hy-en id-en it-en ja-en ka-en ko-en ku-en lt-en lv-en mk-en my-en nb-en nl-en pl-en pt-en ro-en ru-en sk-en sl-en sq-en sr-en sv-en th-en tr-en uk-en vi-en zh-en	y	y	IWSLT14, IWSLT15, IWSLT16, WMT16, TED Talks	BLEU	Preprint	MMT	First work on Multilingual MT. Introduces Selective KD, Top-K, Back-distillation. Relies on powerful bilingual teachers.\\ % 12 6 44	hidden size: 256/512 ff: 1024/2048 layers: 2/6
https://dl.acm.org/doi/abs/10.1145/3546067	doo-dee-2023-target	2023	Word-KD	seq2seq	1	53.7M	53.7M	n	hidden size: 1024 heads: 4 params: 53.7M layers: 6	7	de, fr, en, ko, ja, vi zh	de-en en-de en-fr fr-en en-ko en-ko ja-en en-ja vi-en en-vi zh-en en-zh	y	y	TED Talks	BLEU	ACM Transactions on Asian and Low-Resource Language Information Processing	MMT	Introduce Target-Oriented KD for Family-based KD. Multilingual teachers improve knowledge transfer.\\	hidden size: 1024 heads: 4 params: 53.7M layers: 6
https://aclanthology.org/2022.emnlp-main.571/	mohammadshahi2022small100	2022	Word-KD	seq2seq	3.64	1200M	330M	n	330M	100	af, , lg, , lt, , sn, , gl,  am, , ka, , luo, , sd, , gd,  ar, , de, , lb, , sk, , ht,  hy, , el, , mk, , sl, , su,  as, , gu, , ms, , so, , ln,  ast, , ha, , ml, , ku, , ilo,  az, , he, , mt, , es, , mg,  be, , hi, , mr, , sw, , tn,  bn, , hu, , mi, , sv, , br,  bs, , is, , mn, , tg, , ns,  bg, , ig, , ne, , ta, , si,  my, , id, , nso, , te, , yi,  ca, , ga, , no, , th, , fy,  ceb, , it, , ny, , tr, , sq,  zh, , ja, , oc, , uk, , ss,  hr, , jv, , or, , umb, , fr,  cs, , kea, , om, , ur, , ff,  da, , kam, , ps, , uz, , lo,  nl, , kn, , fa, , vi, , lv,  en, , kk, , pl, , cy, , ru,  et, , km, , pt, , wo, , sr,  tl, , ko, , pa, , xh, , zu,  fi, , ky, , ro, , yo, , ba,		n	y	CCAligned, CCMatrix, Flores+, Tatoeba, Tico-19	spBLEU	EMNLP	MMMT	Word-KD with uniform sub-sampling and deep encoder/shallow decoder architecture.\\	1.2B
https://arxiv.org/pdf/2205.03983	bapna2022building	2022	Seq-KD	seq2seq	18.18, 7.06	6000M	330M	n	330M	31	en, ff, kri, doi, bm, ay, gom, bho, kl, ee, qu, gn, ak, ts, mai, ln, nso, lg, ilo, ti, om, sa, dv, lus, as, ckb	ak-en as-en ay-en bho-en bm-en ckb-en doi-en dv-en ee-en en-ak en-as en-ay en-bho en-bm en-ckb en-doi en-dv en-ee en-ff en-gn en-gom en-ilo en-kl en-kri en-lg en-ln en-lus en-mai en-nso en-om en-qu en-sa en-ti en-ts ff-en gn-en gom-en ilo-en kl-en kri-en lg-en ln-en lus-en mai-en nso-en om-en qu-en sa-en ti-en ts-en	y	y	-	ChrF, BLEU	Preprint	MMMT	Seq-KD with deep/shallow encoder/LSTM decoder. Two students: deep encoder performs better. Not reproducible. \\	6B
https://arxiv.org/pdf/2207.04672	costa2022nllb	2022	Word-KD, Seq-KD	seq2seq	2.6, 87.8, 41.54	54000M	615M	n	615M	25, 202	ace_Arab, ace_Latn, acm_Arab, acq_Arab, aeb_Arab, afr_Latn, ajp_Arab, aka_Latn, amh_Ethi, apc_Arab, arb_Arab, arb_Latn, ars_Arab, ary_Arab, arz_Arab, asm_Beng, ast_Latn, awa_Deva, ayr_Latn, azb_Arab, azj_Latn, bak_Cyrl, bam_Latn, ban_Latn, bel_Cyrl, bem_Latn, ben_Beng, bho_Deva, bjn_Arab, bjn_Latn, bod_Tibt, bos_Latn, bug_Latn, bul_Cyrl, cat_Latn, ceb_Latn, ces_Latn, cjk_Latn, ckb_Arab, crh_Latn, cym_Latn, dan_Latn, deu_Latn, dik_Latn, dyu_Latn, dzo_Tibt, ell_Grek, eng_Latn, epo_Latn, est_Latn, eus_Latn, ewe_Latn, fao_Latn, fij_Latn, fin_Latn, fon_Latn, fra_Latn, fur_Latn, fuv_Latn, gla_Latn, gle_Latn, glg_Latn, grn_Latn, guj_Gujr, hat_Latn, hau_Latn, heb_Hebr, hin_Deva, hne_Deva, hrv_Latn, hun_Latn, hye_Armn, ibo_Latn, ilo_Latn, ind_Latn, isl_Latn, ita_Latn, jav_Latn, jpn_Jpan, kab_Latn, kac_Latn, kam_Latn, kan_Knda, kas_Arab, kas_Deva, kat_Geor, knc_Arab, knc_Latn, kaz_Cyrl, kbp_Latn, kea_Latn, khm_Khmr, kik_Latn, kin_Latn, kir_Cyrl, kmb_Latn, kmr_Latn, kon_Latn, kor_Hang, lao_Laoo, lij_Latn, lim_Latn, lin_Latn, lit_Latn, lmo_Latn, ltg_Latn, ltz_Latn, lua_Latn, lug_Latn, luo_Latn, lus_Latn, lvs_Latn, mag_Deva, mai_Deva, mal_Mlym, mar_Deva, min_Arab, min_Latn, mkd_Cyrl, plt_Latn, mlt_Latn, mni_Beng, khk_Cyrl, mos_Latn, mri_Latn, mya_Mymr, nld_Latn, nno_Latn, nob_Latn, npi_Deva, nso_Latn, nus_Latn, nya_Latn, oci_Latn, gaz_Latn, ory_Orya, pag_Latn, pan_Guru, pap_Latn, pes_Arab, pol_Latn, por_Latn, prs_Arab, pbt_Arab, quy_Latn, ron_Latn, run_Latn, rus_Cyrl, sag_Latn, san_Deva, sat_Olck, scn_Latn, shn_Mymr, sin_Sinh, slk_Latn, slv_Latn, smo_Latn, sna_Latn, snd_Arab, som_Latn, sot_Latn, spa_Latn, als_Latn, srd_Latn, srp_Cyrl, ssw_Latn, sun_Latn, swe_Latn, swh_Latn, szl_Latn, tam_Taml, tat_Cyrl, tel_Telu, tgk_Cyrl, tgl_Latn, tha_Thai, tir_Ethi, taq_Latn, taq_Tfng, tpi_Latn, tsn_Latn, tso_Latn, tuk_Latn, tum_Latn, tur_Latn, twi_Latn, tzm_Tfng, uig_Arab, ukr_Cyrl, umb_Latn, urd_Arab, uzn_Latn, vec_Latn, vie_Latn, war_Latn, wol_Latn, xho_Latn, ydd_Hebr, yor_Latn, yue_Hant, zho_Hans, zho_Hant, zsm_Latn, zul_Latn	ace-en acm-en acq-en aeb-en afr-en ajp-en aka-en als-en amh-en apc-en arb-en ars-en ary-en arz-en asm-en ast-en awa-en ayr-en azb-en azj-en bak-en bam-en ban-en bel-en bem-en ben-en bho-en bjn-en bod-en bos-en bug-en bul-en cat-en ceb-en ces-en cjk-en ckb-en crh-en cym-en dan-en deu-en dik-en dyu-en dzo-en ell-en en-ace en-acm en-acq en-aeb en-afr en-ajp en-aka en-als en-amh en-apc en-arb en-ars en-ary en-arz en-asm en-ast en-awa en-ayr en-azb en-azj en-bak en-bam en-ban en-bel en-bem en-ben en-bho en-bjn en-bod en-bos en-bug en-bul en-cat en-ceb en-ces en-cjk en-ckb en-crh en-cym en-dan en-deu en-dik en-dyu en-dzo en-ell en-epo en-est en-eus en-ewe en-fao en-fij en-fin en-fon en-fra en-fur en-fuv en-gaz en-gla en-gle en-glg en-grn en-guj en-hat en-hau en-heb en-hin en-hne en-hrv en-hun en-hye en-ibo en-ilo en-ind en-isl en-ita en-jav en-jpn en-kab en-kac en-kam en-kan en-kas en-kat en-kaz en-kbp en-kea en-khk en-khm en-kik en-kin en-kir en-kmb en-kmr en-knc en-kon en-kor en-lao en-lij en-lim en-lin en-lit en-lmo en-ltg en-ltz en-lua en-lug en-luo en-lus en-lvs en-mag en-mai en-mal en-mar en-min en-mkd en-mlt en-mni en-mos en-mri en-mya en-nld en-nno en-nob en-npi en-nso en-nus en-nya en-oci en-ory en-pag en-pan en-pap en-pbt en-pes en-plt en-pol en-por en-prs en-quy en-ron en-run en-rus en-sag en-san en-sat en-scn en-shn en-sin en-slk en-slv en-smo en-sna en-snd en-som en-sot en-spa en-srd en-srp en-ssw en-sun en-swe en-swh en-szl en-tam en-taq en-tat en-tel en-tgk en-tgl en-tha en-tir en-tpi en-tsn en-tso en-tuk en-tum en-tur en-twi en-tzm en-uig en-ukr en-umb en-urd en-uzn en-vec en-vie en-war en-wol en-xho en-ydd en-yor en-yue en-zho en-zsm en-zul epo-en est-en eus-en ewe-en fao-en fij-en fin-en fon-en fra-en fur-en fuv-en gaz-en gla-en gle-en glg-en grn-en guj-en hat-en hau-en heb-en hin-en hne-en hrv-en hun-en hye-en ibo-en ilo-en ind-en isl-en ita-en jav-en jpn-en kab-en kac-en kam-en kan-en kas-en kat-en kaz-en kbp-en kea-en khk-en khm-en kik-en kin-en kir-en kmb-en kmr-en knc-en kon-en kor-en lao-en lij-en lim-en lin-en lit-en lmo-en ltg-en ltz-en lua-en lug-en luo-en lus-en lvs-en mag-en mai-en mal-en mar-en min-en mkd-en mlt-en mni-en mos-en mri-en mya-en nld-en nno-en nob-en npi-en nso-en nus-en nya-en oci-en ory-en pag-en pan-en pap-en pbt-en pes-en plt-en pol-en por-en prs-en quy-en ron-en run-en rus-en sag-en san-en sat-en scn-en shn-en sin-en slk-en slv-en smo-en sna-en snd-en som-en sot-en spa-en srd-en srp-en ssw-en sun-en swe-en swh-en szl-en tam-en taq-en tat-en tel-en tgk-en tgl-en tha-en tir-en tpi-en tsn-en tso-en tuk-en tum-en tur-en twi-en tzm-en uig-en ukr-en umb-en urd-en uzn-en vec-en vie-en war-en wol-en xho-en ydd-en yor-en yue-en zho-en zsm-en zul-en	n	y	Wikipedia	ChrF++	Nature	MMMT	Seq-KD outperfroms Word-KD, but is computationally expensive.\\	54B
https://arxiv.org/pdf/2305.16307	galaindictrans2	2023	Word-KD	seq2seq	5.21	1100M	211M	n	211M	23	en, asm_Beng, ben_Beng, brx_Deva, doi_Deva, gom_Deva, guj_Gujr, hin_Deva, kan_Knda, kas_Arab, kas_Deva, mai_Deva, mal_Mlym, mar_Deva, mni_Beng, mni_Mtei, npi_Deva, ory_Orya, pan_Guru, san_Deva, sat_Olck, snd_Arab, snd_Deva, tam_Taml, tel_Telu, urd_Arab	asm-en ben-en brx-en doi-en en-asm en-ben en-brx en-doi en-gom en-guj en-hin en-kan en-kas en-mai en-mal en-mar en-mni en-npi en-ory en-pan en-san en-sat en-snd en-tam en-tel en-urd gom-en guj-en hin-en kan-en kas-en mai-en mal-en mar-en mni-en npi-en ory-en pan-en san-en sat-en snd-en tam-en tel-en urd-en	y	y	BPCC	ChrF++	Transactions on Machine Learning Research	MMMT	Word-KD, post-distillation fine-tuning, deep and thin transformer\\	1.1B
https://ieeexplore.ieee.org/stamp/stamp.jsp?tp=&arnumber=9257421	zhang2020improving	2020	Word-KD	seq2seq	-	18.4M	65M	n	tf-base	3	uy, zh, mon	uig-zh uig-mon zh-uig zh-mon mon-zh mon-uig	n	n	CWMT17,CWMT18,CWMT19	BLEU	IEEE	LRMT	Teacher-free KD based on FastText Word Embeddings trained on target monolingual data.\\	fasttext embeddings embedding size: 512 context window: 5
https://aclanthology.org/2020.emnlp-main.615v2.pdf	baziotis-etal-2021-exploring	2021	Word-KD	seq2seq	-	133.5M	47.9M	n	embedding size: 512 hidden size: 1024 layers: 6 heads: 8	3	en, de, tr	en-de en-tr de-en tr-en	y	n	News Commentary v13, WMT17, WMT18	BLEU	EMNLP	LRMT	LM-based distillation trained on target monolingual data. \\	embedding size: 1024 hidden size: 4096 layers: 6 heads: 16 decoder-only
https://www.sciencedirect.com/science/article/abs/pii/S095741742402181X	zhang2024distilling 	2024	Word-KD	seq2seq	-	110M	36.6M	n	l: 6, embedding: 512, ffn: 2014, h: 4, vocab: 10k	5	en,de,es,vi, fr	en-vi en-fr de-en en-de es-en en-es	y	n	IWSLT14, IWSLT15, IWSLT17	BLEU	Expert Systems with Applications	LRMT		BERT-base-cased, BERT-base-multilingual-cased
https://aclanthology.org/P17-1176/	chen2017teacher	2017	Word-KD, Seq-KD	seq2seq	1			y	https://github.com/nyu-dl/dl4mt-tutorial	4	es, fr, de, en	de-en de-es de-fr en-de en-es en-fr es-de es-en es-fr fr-de fr-en fr-es	n	y	EuroParl, WMT06	BLEU	ACL	LRMT	Pivot-based Seq-KD and Word-KD. Simulated low-resource scenario.\\	vocab: 30k https://github.com/nyu-dl/dl4mt-tutorial
https://arxiv.org/pdf/1908.06258	he2019language	2019	Seq-KD	seq2seq	1			y	Transformer hidden size: 256 ff: 1024 layers: 6	9	ar, fi, he, nb, sl, en, fr, ru, sk	ar-en ar-fi ar-fr ar-he ar-nb ar-ru ar-sk ar-sl en-ar en-fi en-fr en-he en-nb en-ru en-sk en-sl fi-ar fi-en fi-fr fi-he fi-nb fi-ru fi-sk fi-sl fr-ar fr-en fr-fi fr-he fr-nb fr-ru fr-sk fr-sl he-ar he-en he-fi he-fr he-nb he-ru he-sk he-sl nb-ar nb-en nb-fi nb-fr nb-he nb-ru nb-sk nb-sl ru-ar ru-en ru-fi ru-fr ru-he ru-nb ru-sk ru-sl sk-ar sk-en sk-fi sk-fr sk-he sk-nb sk-ru sk-sl sl-ar sl-en sl-fi sl-fr sl-he sl-nb sl-ru sl-sk	n	y	TED Talks	BLEU	Preprint	LRMT	Language-Graph Seq-KD. Greedy approach to select the best path. \\	Transformer hidden size: 256 ff: 1024 layers: 6
https://www.ijcai.org/proceedings/2022/0618.pdf	Yang_2022 	2022	Seq-KD	seq2seq	1	209M	209M	n	transformer_big l: 6, h: 16, emb edding sized: 1024, ffn: 4096, vocab?	9	en, fr, cs, de, fi, et, ro, hi, tr	cs-en de-en en-cs en-de en-et en-fi en-fr en-hi en-ro en-tr et-en fi-en fr-en hi-en ro-en tr-en	y	y	WMT?, TED Talks, NewsCrawl?	BLEU	International Joint Conference on Artificial Intelligence	LRMT		transformer_big l: 6, h: 16, emb edding sized: 1024, ffn: 4096, vocab?
https://aclanthology.org/2024.lrec-main.1063.pdf	ahmed2024neural 	2024	Seq-KD	seq2seq	1	65M	65M	y	vocab: 30k, tf-base	5	xho, zul, nso, tsn, en	en-nso en-zul en-tsn en-xho nso-en nso-tsn zul-en zul-xho tsn-en tsn-nso  xho-en xho-zul	n	y	WMT22, Flores+	BLEU	LREC	LRMT		vocab: 30k, tf-base
https://aclanthology.org/2020.coling-main.302.pdf	saleh2020collective	2020	Word-KD	seq2seq	1	11.9M	11.9M	n	hs: 256, ff: 1024, l: 2	6	ru,de,it,pl,nl,es- en, sl, gl, et, nb, eu	de-en en-de en-es en-et en-eu en-gl en-it en-nb en-nl en-pl en-ru en-sl es-en et-en eu-en gl-en it-en nb-en nl-en pl-en ru-en sl-en	y	y	IWSLT14, TED Talks	BLEU	COLING	LRMT	Word-KD, Selective KD, Adaptive KD. \\	hs: 256, ff: 1024, l: 2
https://aclanthology.org/2021.findings-emnlp.114.pdf	saleh-etal-2021-multilingual-neural 	2021	Word-KD	seq2seq	1	19.2M	19.2M	n	hs: 256, ff: 1024, l: 6	54	kk, be, bn, eu, ms, bs, az, ur, ta, mn, mr, gl, ku, et, ka, nb, hi, sl, hy, my, fi, mk, lt, sq, da, sv, sk, id, th, cs, uk, hr, el, sr, hu, fa, de, ja, vi, bg, pl, ro, tr, nl, zh, es, it, ko, ru, he, fr, ar, pt	ar-en az-en be-en bg-en bn-en bs-en cs-en da-en de-en el-en en-ar en-az en-be en-bg en-bn en-bs en-cs en-da en-de en-el en-es en-et en-eu en-fa en-fi en-fr en-gl en-he en-hi en-hr en-hu en-hy en-id en-it en-ja en-ka en-kk en-ko en-ku en-lt en-mk en-mn en-mr en-ms en-my en-nb en-nl en-pl en-pt en-ro en-ru en-sk en-sl en-sq en-sr en-sv en-ta en-th en-tr en-uk en-ur en-vi en-zh es-en et-en eu-en fa-en fi-en fr-en gl-en he-en hi-en hr-en hu-en hy-en id-en it-en ja-en ka-en kk-en ko-en ku-en lt-en mk-en mn-en mr-en ms-en my-en nb-en nl-en pl-en pt-en ro-en ru-en sk-en sl-en sq-en sr-en sv-en ta-en th-en tr-en uk-en ur-en vi-en zh-en	y	y	TED Talks	BLEU	EMNLP Findings	LRMT		hs: 256, ff: 1024, l: 6
https://aclanthology.org/2022.emnlp-main.458/	huang-etal-2022-unifying 	2022	Word-KD	seq2seq	1	76.9M	76.9M	n	l: 6, h: 8, vocab: 64k, tfbase	23	bos, mar, hin, mkd, ell, bul, fra, kor, aze, bel, glg, slk, tur, rus, por, ces, et, ro, tr, fr, de, zh, en	aze-en bel-en bos-en bul-en ces-en de-en ell-en en-aze en-bel en-bos en-bul en-ces en-de en-ell en-et en-fra en-glg en-hin en-kor en-mar en-mkd en-por en-ro en-rus en-slk en-tur en-zh et-en fra-en glg-en hin-en kor-en mar-en mkd-en por-en ro-en rus-en slk-en tur-en zh-en	y	y	TED Talks, WMT14, WMT16, WMT17, WMT18	BLEU	EMNLP	Discarded		l: 6, h: 8, vocab: 64k, tfbase
https://aclanthology.org/2023.acl-long.211/	huang2023towards 	2023	Word-KD	seq2seq	1	76.9M	76.9M	n	l: 6, h: 8, vocab: 64k, tfbase	23	bos, mar, hin, mkd, ell, bul, fra, kor, et, ro, tr, fr, de, zh, en	bos-en bul-en de-en ell-en en-bos en-bul en-de en-ell en-et en-fra en-hin en-kor en-mar en-mkd en-ro en-tr en-zh et-en fra-en hin-en kor-en mar-en mkd-en ro-en tr-en zh-en	y	y	TED Talks, WMT14, WMT16, WMT17, WMT18	BLEU	ACL	LRMT		l: 6, h: 8, vocab: 64k, tfbase
https://aclanthology.org/2024.loresmt-1.7/	roy-etal-2024-enhancing 	2024	Word-KD	seq2seq	-	550M		n	XLM-R + l: 12, h: 16 in the decoder	3	kannada, punjabi, hindi	hin-kan hin-pan kan-hin kan-pan pan-hin pan-kan	n	y	Samanantar, Flores+	ChrF, BLEU	LoResMT	Discarded		550M, XLM-R large
https://rua.ua.es/dspace/bitstream/10045/135116/1/Galiano-Jimenez_etal_Proceedings-EAMT-2023.pdf	galiano2023exploiting	2023	Seq-KD	seq2seq	13.6	680M	50M	n	50M	5	en, burmese, swahili, kyrgyz, macedonian	en-kir en-mkd en-mya en-swa kir-en mkd-en mya-en swa-en	y	y	Samanantar, Flores+	BLEU, spBLEU	EAMT	LRMT	Seq-KD from mBART50 with iterative back-translation and fine-tuning including languages not part of pretraining stage.\\	680M
https://aclanthology.org/2023.americasnlp-1.20.pdf	de-gibert-etal-2023-four	2023	Seq-KD	seq2seq	50.77	3300M	65M	n	l: 6, h: 8, embedding: 512, ff: 2048. tf-base	12	es, aym, bzd, cni, czn, gn, hch, nah, oto, shp, tar, quy	es-aym es-bzd es-cni es-czn es-gn es-hch es-nah es-oto es-shp es-tar es-quy	n	y	OpenSubtitles, AmericasNLP	ChrF	AmericasNLP	LRMT	Seq-KD and fine-tuning. \\	3.3B
https://arxiv.org/pdf/2303.01347	song2023letz	2023	Word-KD	seq2seq	9.23	600M	65M	n	tf-base	2	lb, de, en	lb-en de-en en-de en-lb	y	y	Gierschek (2022), Flores+, Tatoeba	BLEU, ChrF++	IEEE	Discarded	Seq-KD and fine-tuning.\\	600M
https://arxiv.org/pdf/2404.13813	enis2024llm	2024	Seq-KD	seq2seq	41.54	54000M	1300M	n	1.3B	2	en, yoruba	en-yor yor-en	y	y	BBC	spBLEU, ChrF++	Preprint	Discarded		54B
https://aclanthology.org/2020.wmt-1.61.pdf	dabre-fujita-2020-combining 	2020	Seq-KD	seq2seq	2.98, 2.10, 1.66, 5.15, 14.15	48.2M	11.4M	n	l: 1, h: 512, vocab: 8k	3	vi, en, hi	vi-en hi-en en-vi en-hi	y	y	Asian Languages Treebank, IWSLT15, IITB	BLEU	WMT	LRMT		l: 6, h: 512, vocab: 8k
https://aclanthology.org/2022.wmt-1.80.pdf	diddee-etal-2022-brittle 	2022	Seq-KD	seq2seq	3.07, 8.03, 6.50, 3.09, 1.23	65M		n	??? Cant find, only MB	8	bzd, hch, unr, gon, hin, asm, ori, pan, guj	bzd-es hch-es unr-hin gon-hin asm-eng ori-eng pan-eng guj-eng	n	y	AmericasNLP, Feldman and Coto-Solano (2020), GGNET Swara, Indian Institute of Technology, Flores+, WAT2021, Samanantar, Tatoeba	BLEU, ChrF++	WMT	LRMT		vocab: 32k, 8 heads, 6 layers
https://aclanthology.org/2023.eamt-1.11.pdf	gumma2023empirical 	2023	Word-KD+Seq-KD	seq2seq	2.29, 1.70, 2.08, 2.59, 3.40, 4.98	474M	95.4M	n	95.4M	12	as, or, pa, gu, mr, kn, te, ta, ml, bn, hi, en		y	y	Samanantar, Flores+	BLEU, ChrF++	EAMT	LRMT		474M
https://aclanthology.org/D19-1078.pdf	zeng-etal-2019-iterative 	2019	Word-KD	seq2seq	1	65M	65M	y	vocab: 32k l: 512, ff: 2048, h: 8	3	zh, en, de	zh-en de-en en-zh en-de	y	y	IWSLT15, IWSLT10, NIST02, IWSLT11, IWSLT12, NIST03, NIST04, NIST05, NIST06, TED Talks, WMT14, OPUS	BLEU	EMNLP-IJCNLP	Domain		vocab: 32k l: 512, ff: 2048, h: 8
https://ebooks.iospress.nl/volumearticle/55130	mghabbar2020building 	2020	Word-KD	seq2seq	1	65M	65M	y	tf-base	2	en, fr	fr-en en-fr	y	y	WMT14, OPUS	BLEU	ECAI	Domain		tf-base
https://ieeexplore.ieee.org/stamp/stamp.jsp?tp=&arnumber=9900324	liu2022neural  	2022	Word-KD	seq2seq	1	52.3M	52.3M	n	vocab: 16k, embedding: 512, tf base	2	en, zh	en-zh zh-en	y	y	OpenSubtitles, WMT17, UM	BLEU	IEEE	Domain		vocab: 16k, embedding: 512, tf base
https://aclanthology.org/2021.naacl-main.308.pdf	gu-etal-2021-pruning 	2021	Word-KD	seq2seq	1	65M	65M	y	tf-base	4	en, zh, fr, de	zh-en fr-en de-en en-zh en-fr en-de	y	y	WMT17, UM, WMT14, WMT19, WMT16, IWSLT15	BLEU	NAACL	Domain		tf-base
https://aclanthology.org/2020.ngt-1.12.pdf	gordon-duh-2020-distill 	2020	Seq-KD	seq2seq	2,8,24	103.6M	11.3M	n	l: 2, ffsiez: 1024, hd: 256, vocab: 30k	4	de, en, ru, zh	de-en ru-en zh-en en-de en-ru en-zh	y	y	OpenSubtitles, WMT17, COPPA v2.0, TED Talks	BLEU	Workshop on Neural Generation and Translation	Domain		l: 12, ffsiez: 2048, hd: 512, vocab: 30k
https://aclanthology.org/2020.emnlp-main.364.pdf	currey-etal-2020-distilling 	2020	Seq-KD	seq2seq	1.66	100M	60M	n	tf-base, vocab: 32k, l: 6 60M	3	de, en, fr	de-en fr-en en-de en-fr	y	y	Europarl, OPUS, WMT14, WMT19, MTNT, TED Talks	BLEU	EMNLP	Domain		tf-base, vocab: 32k, l: 12 100M
https://aclanthology.org/N19-1192.pdf	wei-etal-2019-online 	2019	Word-KD	seq2seq	1	65M	65M	y	tf-base	4	zh, en, vi, tr	en-zh en-vi en-tr zh-en vi-en tr-en	y	y	NIST?, WMT17, IWSLT15	BLEU		Discarded		tf-base
https://arxiv.org/pdf/2212.02800	zhao2022life	2022	Seq-KD	seq2seq	1	65M	65M	y	tf-base	12	en, it, nl, ro, uig, zh, tib, mon, ja, de, fi, lv, tr	en-it en-nl en-ro uig-zh tib-zh mon-zh zh-en ja-en de-en fi-en lv-en tr-en	n	y	TED Talks, CCMT-19, KFTT, WMT17	BLEU	Preprint	Domain		tf-base
https://aclanthology.org/2023.acl-long.443.pdf	zhang-etal-2023-continual 	2023	Word-KD	seq2seq	1	65M	65M	y	tf-base	2	zh, en	zh-en en-zh	y	y	LDC, AI Challenger 2017, TED Talks, OpenSubtitles, WMT20, NIST02, , NIST03, NIST04, NIST05, NIST06, NIST07, NIST08, NIST09	BLEU	ACL	Discarded		tf-base
https://aclanthology.org/2023.acl-long.131/	wang-etal-2023-better  	2023	Seq-KD	seq2seq	1	65M	65M	y	tf-base	3	en, de, zh	de-en zh-en en-vi	y	n	WMT15, CWMT19, IWSLT15	BLEU, wait-k	ACL	Temporal		tf-base
https://ojs.aaai.org/index.php/AAAI/article/view/26497	deng2022improving 	2022	Seq-KD	seq2seq	1	65M	65M	y	tf-base tf-big	3	en, zh, ja	en-zh  en-ja	y	n	CWMT08, CWMT09, CWMT11, WMT2020	BLEU, wait-k	AAAI Conference on Artificial Intelligence	Temporal		tf-base tf-big
https://aclanthology.org/2023.eacl-main.270.pdf	sen-etal-2023-self 	2023	Seq-KD	seq2seq	1	65M	65M	y	tf-base	3	en, cs, de	en-de en-cs	y	n	IWSLT21, WMT21	BLEU, ChrF, COMET, mean per token entropies, Kendall tau	EACL	Temporal		tf-base
https://ieeexplore.ieee.org/stamp/stamp.jsp?tp=&arnumber=8863411	zhang2019future 	2019	Feature-KD	seq2seq	-		-	n	-	3	en, de, zh	zh-en en-de	y	n	WMT17, NIST?	BLEU, AER	IEEE	Temporal		-
https://aclanthology.org/2021.acl-long.223.pdf	feng-etal-2021-guiding 	2021	Word-KD	seq2seq	1	65M	65M	y	tf-base	4	en, de, ro, zh	zh-en en-ro zh-en en-de	y	n	LDC, WMT16, WMT17	BLEU	ACL	Temporal		tf-base + seer decoder?
https://aclanthology.org/2022.acl-long.206.pdf	zhou-etal-2022-confidence 	2022	Word-KD	seq2seq	1	65M	65M	y	tf-base	4	en, de, fr, zh	en-de zh-en en-fr	y	n	WMT14, WMT19	BLEU, COMET	ACL	Temporal		tf-base + CMLM decoder?
https://aclanthology.org/2023.acl-long.63.pdf	zhuang-tu-2023-pretrained	2.023	Word-KD	seq2seq	1.23	108M	88M	n		36	af, ar, be, bg, cs, de, el, en, eo, es, et, fi, fr, gu, he, hi, it, ja, ka, kk, ko, lt, lv, mn, ms, mt, my, nl, pl, pt, ro, ru, sr, tr, vi, zh	x-x	n	n	PC32, MC24	BLEU	ACL	Temporal		
https://aclanthology.org/2022.naacl-main.277.pdf	shao2022one 	2022	Seq-KD	seq2seq	1	65M	65M	y	tf-base	4	en, de, ro, fr	de-en ro-en fr-en en-de en-ro en-fr	y	n	WMT14, WMT16, IWSLT14	BLEU	NAACL	Temporal		tf-base
https://arxiv.org/pdf/2112.11640	guo2021self	2021	Seq-KD	seq2seq	1	65M	65M	y	tf-base	3	en, de, ro	en-de en-ro de-en ro-en	y	n	WMT14, IWSLT14	BLEU	Preprint	Temporal		tf-base
https://arxiv.org/pdf/2303.17910	liu2023selective 	2023	Seq-KD	seq2seq	1			n		3	en, de, ro	en-de en-ro de-en ro-en	y	n	WMT14, WMT16	BLEU, COMET	AAAI Conference on Artificial Intelligence, 2023	Temporal		DeepShallow,l: 6 CMLM GLAT+CTC
https://aclanthology.org/2020.acl-main.171.pdf	zhou2020improving	2020	Seq-KD	seq2seq	1	65M	65M	y	tf-base	3	en, de, ro	en-de en-ro de-en ro-en	y	n	WMT16, WMT14, NewsCrawl2015, Europarl, Newcrawl07, NewsCrawl08	BLEU	ACL	Temporal		tf-base
https://arxiv.org/pdf/1911.02727	zhouunderstanding 	2020	Seq-KD	seq2seq	differnet sizes of teachers...	218M	16M	n	16M	4	en, de, fr, es	en-de en-fr en-es de-en fr-en es-en	y	y	Europarl, WMT14	BLEU		Discussion		218M
https://arxiv.org/pdf/1912.03334	gordon2019explaining	2019	Seq-KD	seq2seq	1, 6.4	9M	1.4M	n	1.4M	2	de, en	en-de de-en	y	n	TED Talks	BLEU		Discussion		9M
https://aclanthology.org/2020.acl-main.15.pdf	ren-etal-2020-study	2020	Seq-KD	seq2seq	1	65M	65M	y	tf-base	2	de, en	en-de de-en	y	y	IWSLT14	BLEU		Discussion		tf-base
https://aclanthology.org/2021.findings-acl.385.pdf	xu2021does	2021	Seq-KD	seq2seq	1	65M	65M	y	tf-base	2	en, de	en-de de-en	y	y	WMT14	BLEU		Discussion		tf-base
https://aclanthology.org/2021.acl-long.266.pdf	ding2021rejuvenating	2021	Seq-KD	seq2seq	1, 3.2	209M	65M	n	tf-base	5	de, en, ro, zh, ja	en-de en-ro en-zh en-ja de-en ro-en zh-en ja-en	y	n	WMT14, WMT16, WMT17, WAT17, WMT19	BLEU	ACL	Temporal		tf-big
https://openreview.net/pdf?id=ZTFeSBIX9C	ding2021understanding 	2021	Seq-KD	seq2seq	1, 3.2	209M	65M	n	tf-base	5	en, de, ro, zh, ja	en-de en-ro en-zh en-ja de-en ro-en zh-en ja-en	y	n	WMT14, WMT16, WMT17, WAT17	BLEU	ICLR	Temporal		tf-big
https://aclanthology.org/D16-1139/	kim-rush-2016-sequence	2016	Word-KD, Seq-KD	seq2seq	20	20M	1M	n	LSTM: - 2 × 500 LSTM - 2 × 300 LSTM - 2 × 100 LSTM	3	en, de, th	en-de th-en	y	y	WMT14, IWSLT15	BLEU, PPL	EMNLP	Methods		LSTM: - 4 × 1000  - 2 × 500
https://aclanthology.org/2021.acl-long.504/	wang-etal-2021-selective	2.021	Word-KD, Seq-KD	seq2seq	1.26	82M	65M	n	tfm base: 6 enc, 6 dec	3	en, de, zh	en-de zh-en	y		WMT14, WMT19	BLEU	ACL	Methods		tfm base* (vaswani): 6 enc, 6 dec tfm deep: 12 enc, 6 dec
https://aclanthology.org/2022.emnlp-main.665.pdf	lee-etal-2022-hard	2022	Word-KD, Seq-KD	seq2seq	1	65M	65M	y	tfm base	3	en, de, vi	de-en en-vi	y		IWSLT14, IWSLT15, Multi30K	BLEU, METEOR, WER, ROUGE-L, ECE, MCE	EMNLP	Methods		tfm base
https://aclanthology.org/2023.acl-long.448.pdf	zhang-etal-2023-towards-understanding	2.023	Word-KD	seq2seq	3.28	213M	65M	n	tfm base	4	en, de, fr, ro	en-de en-fr en-ro	y		WMT14, WMT16	BLEU, COMET	ACL	Methods		tfm big*
https://aclanthology.org/2023.emnlp-main.178.pdf	miao-etal-2023-exploring	2023	Word-KD	seq2seq	?	65M		y	sampled and selected using CE	3	en, de, ro	de-en en-ro en-de	y		IWSLT14, WMT16, WMT14	BLEU, COMET	EMNLP	Methods		transformer_iwslt_de_en transformer_wmt_en_de
https://arxiv.org/pdf/1702.01802	Freitag2017EnsembleDF	2.017	Seq-KD	seq2seq	2.34	866M	37M	n	1 RNN GRU model hidden_layer=750,emb_size=400 hidden_layer=500,emb_size=250 hidden_layer=300,emb_size=150	2	en, de	de-en	y		WMT16	BLEU, TER	Preprint	Methods		6 RNN GRU models: hidden_layer=1000,emb_size=620
https://aclanthology.org/2018.iwslt-1.4.pdf	zhang-etal-2018-analyzing	2.018	Word-KD	seq2seq	3.63	18.9M	5.2M	n	tfm Small N=4, d=256, df f=2048, h=8 rnn Small Bi-LSTM, 2x512, emb=512 rnn Middle Bi-LSTM, 2x1024, emb=512	2	en, de	en-de	y		WMT14		IWSLT	Methods		tfm Large N=6, d=512, df f=4096, h=8 Middle N=6, d=512, df f=2048, h=8
https://ieeexplore.ieee.org/stamp/stamp.jsp?tp=&arnumber=9722996	9722996	2.022	Word-KD, Seq-KD	seq2seq	3.28	213M	65M	n	Transformer_iwslt_de_en Transformer_vaswani_wmt_en_de_big	5	en, de, es, fr, zh	en-de de-en en-es es-en en-fr fr-en en-zh zh-en	y		IWSLT14, IWSLT17	BLEU, BERTScore	IEEE	Methods		Transformer_iwslt_de_en Transformer_vaswani_wmt_en_de_big
https://arxiv.org/pdf/2012.13866	li2020learninglightweighttranslationmodels	2.020	Seq-KD	seq2seq	2.98	194M	65M	n	tfm: 6 enc, 6 dec	3	en, de, zh	en-de zh-en	y		WMT16,  NIST12, WMT19	BLEU, PPL	AAAI Conference on Artificial Intelligence, 2023	Methods		tfm: - 24 enc, 6 dec - 48 enc, 6 dec
https://aclanthology.org/2020.emnlp-main.494.pdf	lin-etal-2020-autoregressive	2020	Seq-KD	seq2seq	5.5	55M	10M	n	SRU: 2 layer, 3 layer, 4 layer tfm: 2 layer	2	en, de	en-de de-en	y		IWSLT14, WMT16	PPL, BLEU	EMNLP	Methods		tfm: 8 layers tfm: 6 layers
https://arxiv.org/pdf/2306.10058	yoon2023emnetworkoracleguidedselfdistillation	2.023	Word-KD	seq2seq	1.69	110M	65M	n	tfm base	2	en, de	en-de de-en	y		OSCAR	BLEU	ICML	Methods		BIBERT
https://aclanthology.org/2024.naacl-long.72.pdf	setiawan-2024-accurate	2024	Seq-KD	seq2seq	?		65M	n	tfm base	3	en, de, zh	en-de de-en en-zh zh-en	y		WMT21, WMT20	BLEU, ChrF, COMET	NAACL	Methods		50 models: - forward translation models - backward TM - right-to-left TM - domain-adapted models - language model - other: LASER, mBART, M2M-100, NLLB, etc.
https://aclanthology.org/2023.acl-long.605.pdf	wen-etal-2023-f	2.023	Seq-KD	seq2seq	3.248	406M	125M	n	T5: 3 enc, 1 dec	2	en, ro	en-ro	y		WMT16	BLEU, ChrF, TER	ACL	Methods		T5
https://arxiv.org/pdf/2306.13649	agarwal2024onpolicydistillationlanguagemodels	2024	Seq-KD	seq2seq	12	3000M	250M	n	T5-base (250M params) T5-small (77M params)  T5-large (800M params)	2	en, de	en-de	y		WMT14	BLEU	ICLR	Methods		T5-XL (∼3B params)
https://aclanthology.org/2024.acl-long.603.pdf	zhang2024enhancing	2024	Seq-KD	LLM-based	1	2.7B	2.7B	n	LLaMA-2-7B 	15	en, cs, da, uk, bu, fi, hu, no, in, ja, ko, pt, sl, vi, po	en-cs en-da en-uk en-bu en-fi en-hu en-no en-in en-ja en-ko en-pt en-sl en-vi en-po	y	y	Flores+	BLEU, COMET	ACL	MMT	LLM -> ft LLM	LLaMA-2-7B 
https://link.springer.com/chapter/10.1007/978-3-031-40292-0_12	zhang2023importance	2023	Word-KD	seq2seq	1	242M	242M	n	tf-big	11	en, fr, cs, de, fi, lv, et, ro, ji, tr, gu	en-fr en-cs en-de en-fi en-lv en-et en-ro en-ji en-tr en-gu	n	y	WMT10	BLEU	KSEM	LRMT	Not sure about the dataset, it just says WMT-10. Also, the lagnuage pairs are not clear. They train X-X models but im not sure if every direction is included, they don't specify	tf-big
https://aclanthology.org/2021.wmt-1.49/	lai-etal-2021-lmu 	2021	Word-KD	seq2seq	1	313M	313M	n	tf-big	6	hr, hu, et, sr, mk, en	hr-hu hr-et hr-sr hr-mk hr-en hu-hr hu-et hu-sr hu-mk hu-en et-hr et-hu et-sr et-mk et-en sr-hr sr-hu sr-et sr-mk sr-en mk-hr mk-hu mk-et mk-sr mk-en en-hr en-hu en-et en-sr en-mk	n	y	Flores+	spBLEU, ChrF, BERTScore	WMT	MMT	Shared task paper	tf-big
https://aclanthology.org/2021.wmt-1.55.pdf	yu-etal-2021-hw	2021	Seq-KD	seq2seq	1	tf-deep	?	n	tf-deep	6	jv, id, ms, tl, ta, en	jv-id jv-ms jv-tl jv-ta jv-en id-jv id-ms id-tl id-ta id-en ms-jv ms-id ms-tl ms-ta ms-en tl-jv tl-id tl-ms tl-ta tl-en ta-jv ta-id ta-ms ta-tl ta-en en-jv en-id en-ms en-tl en-ta	n	y	Flores+	BLEU	WMT	MMT	Shared task paper	tf-deep
https://aclanthology.org/anthology-files/pdf/naacl/2025.naacl-findings.372.pdf	galiano-jimenez-etal-2025-beyond	2025	Seq-KD	seq2seq	20	1.3B	65M	n	tf-base	4	en, sw, ib, ba	en-sw, en-ib, en-ba, sw-en, ib-en, ba-en, ba-sw	n	n	Flores+	BLEU, ChrF, COMET	NAACL	LRMT		NLLB 1.3B and 3.3B
https://www.preprints.org/manuscript/202502.0656/v1	chang2025integrating	2025	Seq-KD	seq2seq	rbmt	rbmt	?	n	tf	2	hak, zh	zh-hak	n	n	500 entries extracted from the dictionary of the Ministry of Education	BLEU	The Advanced Trends in Natural Language Processing	LRMT		RBMT
https://arxiv.org/pdf/2505.14423	de2025scaling	2025	Seq-KD	seq2seq, LLM-based	gpt	gpt	60.6M	n	tf-base	8	en, eu, gd, is, ka, mk, so, uk	en-eu en-gd en-is en-ka en-mk en-so en-uk	n	n	Flores+	ChrF, Comet	EMNLP	LRMT	LLM -> ft seq2seq	GPT-4o
https://aclanthology.org/2024.wmt-1.88/	de-gibert-etal-2024-hybrid	2024	Seq-KD	seq2seq	rbmt	rbmt	67.5M	n	tf-base, tf-tiny	4	es, arn, ast, arg	es-arn es-ast es-arg	n	n	Flores+	BLEU	WMT	LRMT	Shared task paper	RBMT
https://link.springer.com/chapter/10.1007/978-981-97-9437-9_18	sun2024understanding	2024	Seq-KD	seq2seq	0.5	22M	44M	n	Estimated: 44M / 88M	6	en, af, nso, de, tr, ro	en-nso en-af de-en tr-en ro-en	y	n	Autshumato project, IWSLT14, WMT18, WMT16	BLEU, TER	CCF International Conference on Natural Language Processing and Chinese Computing	LRMT	Student is bigger than teacher	Estimated: 22M / 44M
https://www.researchsquare.com/article/rs-7425094/v1	galiano2025fluent	2025	Seq-KD	seq2seq	20	1.3B	65M	n	tf-base	4	en, sw, ib, ba	en-sw en-ib en-ba sw-en ib-en ba-en	y	n	Flores+	ChrF++	Preprint	LRMT		NLLB 1.3B
https://ieeexplore.ieee.org/stamp/stamp.jsp?tp=&arnumber=11112806	man2025ccka	2025	Word-KD	seq2seq	1	?	?	y		3	en, zh, de	en-zh de-en	y	y	UM-Corpus, OPUS	BLEU, ChrF	IEEE	Domain		
https://aclanthology.org/2024.acl-long.588/	liang-etal-2024-continual	2024	Word-KD	seq2seq	1	?	?	n	mBART50-nn	2	de, en	de-en	y	y	OPUS	BLEU	ACL	Domain		mBART50-nn
https://aclanthology.org/2025.loresmt-1.15.pdf	velayuthan-etal-2025-encoder	2025	Seq-KD, feature-based KD	seq2seq	1.63	77M	47M	n	halving T5-small, removing three  layers each from the encoder and decoder	2	de, en, si	de-en en-si	y	y	OPUS	ChrF	LoResMT	Discarded		T5-small
https://aclanthology.org/anthology-files/pdf/naacl/2025.naacl-long.364.pdf	 yu-etal-2025-investigating	2025	Word-KD, feature-based KD	seq2seq	1	?	?	n		3	zh, en, de	zh-en, de-en	y	y	NIST, NewsTest15	BLEU, Average Lagging, Hallucination Rate	NAACL	Temporal		
https://arxiv.org/pdf/2012.12465	zhang2021future	2021	Feature-KD	seq2seq	1	?	?	n		3	zh, en, de	zh-en, de-en	y	y	MT03, MT04, MT05, MT06, MT08, NewsTest15	BLEU, Average Lagging	AAAI Conference on Artificial Intelligence, 2023	Temporal		
https://arxiv.org/pdf/2506.19952	halder2025cycledistillbootstrappingmachinetranslation	2025	Word-KD, Seq-KD	LLM-based	4.5 / 2.66	9B / 8B	2B / 3B	n	Gemma, Llama	6	en, hi, bn, ml, ne, mni	hi-en bn-en ml-en ne-en mni-en	y	y	IN22 Gen corpus	ChrF	Preprint	Discarded	LLM -> ft LLM	Gemma, Llama
https://arxiv.org/abs/2307.16833	oh2023data 	2023	Seq-KD	seq2seq, LLM-based	gpt	gpt	611M	n	mbart50	2	ko, de	ko-de	n	n	Own financial test set	BLEU	Preprint	LRMT	LLM -> ft seq2seq	GPT-3.5
https://arxiv.org/abs/2307.05779	yang2023neural	2023	Seq-KD	seq2seq, LLM-based	gpt	gpt	22M	n		3	en, de, gl	gl-en, de-en	y	n	TED Talks	BLEU	Preprint	LRMT	LLM -> ft seq2seq	GPT-3
https://ebooks.iospress.nl/doi/10.3233/FAIA230404	klimaszewski2023gated	2023	Other	seq2seq	-	-	60M	n	tf-base	3	en, pl, el	en-po en-el	y	n	OPUS	COMET	ECAI	Domain		
https://www.sciencedirect.com/science/article/pii/S0885230824001475	DING2025101765 	2025	Seq-KD	seq2seq	?	220M / 60M	?	n	maskpredict, levensthein transformer	5	en, de, ro, zh, ja	en-de ro-en en-zh ja-en	y	n	WMT14, WMT16, WMT17, WMT19, WAT17	CoD, AoLC, BLEU	Computer Speech & Language	Temporal		tf-big and tf-base
https://ojs.aaai.org/index.php/AAAI/article/view/17561	Li2020LearningLT	2021	Seq-KD	seq2seq	3, 4, 4.6	118M, 194M, 286M 	62M	n		3	en, de, zh	en-de, zh-en	y	y	WMT16, NIST12, WMT19, NewsTest16, NewsTest14, NewsTest18, NewsTest19, MT06, MT04, MT08	BLEU, PPL, Speed	AAAI	Discarded		
https://proceedings.neurips.cc/paper_files/paper/2020/file/7221e5c8ec6b08ef6d3f9ff3ce6eb1d1-Paper.pdf	NEURIPS2020_7221e5c8	2020	Seq-KD	seq2seq	1	65M	65M	y	tf base	5	en, de, fr, ne, si	en-de, en-fr, de-en, fr-en, en-ne, ne-en, en-si, si-en	y	y	WMT14, IWSLT14, IWSLT13	BLEU, flops, PPL	Neurips	Temporal		tf base
https://ojs.aaai.org/index.php/AAAI/article/view/6465	Weng_Yu_Huang_Cheng_Luo_2020	2020	Word-KD	seq2seq	1	65M	65M	y	tf base	3	en, zh, de	zh-en, en-de, de-en	y	?	WMT17, WMT14, NewsTest17, NewsTest13, NewsTest14	BLEU	AAAI	Methods		
https://aclanthology.org/2020.acl-main.705/	chen-etal-2020-distilling	2020	Word-KD	seq2seq	1	65M	65M	y		3	en, de, vi	en-vi, de-en, en-de	y	?	IWSLT14, IWSLT15, IWSLT17	BLEU, length	ACL	Methods		
https://openreview.net/pdf?id=bkNx3O0sND	finkelstein2024mbrqefinetuningtrainingtime	2024	Seq-KD	seq2seq, LLM-based	-	PaLM-2 Bison (340 B)?	375.4M	n		3	en, de, ja	en-de, en-ja	y	n	WMT21, WMT22	BLEURT, MetricX, Chrf, COMET, BLEU	ICLR	Methods		
https://aclanthology.org/2021.eacl-main.212/	jafari-etal-2021-annealing	2021	Word-KD					n										Methods		
https://aclanthology.org/2024.lrec-main.64.pdf	jin2024align	2024	Feature-KD	seq2seq	1.5, 1.33	64M	48M	n		4	en, de, dsb, zh	de-en, en-dsb, en-zh	y	y	IWSLT14, IWSLT22	BLEU	LREC-COLING	Methods		
https://aclanthology.org/2022.emnlp-main.665.pdf	lee2022hard	2022	Word-KD	seq2seq	1	65M	65M	y	tf base	3	en, de, vi	de-en, en-vi, de-en	y	y	Multi30K, IWSLT15, IWSLT14	BLEU, ECE	EMNLP	Methods		tf base
https://aclanthology.org/2024.naacl-long.358.pdf	li2024mtpatcher	2024	Seq-KD	LLM-based, seq2seq	4.3	13B	3.3B	n		3	en, zh, de	zh-en, en-de	y	n	WMT22	COMET, BLEU, BLEURT	ACL	Methods		
https://aclanthology.org/2021.acl-long.162/	lin-etal-2021-weight	2021	Feature-KD	seq2seq	1.84, 1.25, 1.7, 1.2, 1.74, 1.2, 1.87, 1.31, 1.22, 1.08	83M, 102M, 96M, 281M, 229M	45M, 66M, 60M, 85M, 55M, 80M, 150M, 214M, 187M, 212M	n		4	en, ro, zh, de	en-ro, zh-en, en-de	y	y	WMT16, NIST12, WMT14	BLEU, Speed	ACL	Methods		
https://aclanthology.org/2025.coling-main.686.pdf	song-etal-2025-self	2025	Word-KD	LLM-based	1.85	13B	7B	n		3	en, de, cs	en-de, de-en, en-cs, cs-en	y	y	WMT12 	BLEU, COMET	ACL	Methods		
https://arxiv.org/abs/2407.10456	wang2024dontthrowawaydata	2024	Seq-KD	LLM-based	-	PaLM-2 XXS, XS, S	PaLM-2 XXXS, XXS	n		3	en, de, jp	en-de, en-jp	y	y	WMT22, Flores+	BLEU, ChrF, BLEURT, COMET	Preprint	Methods	PaLM2	
https://aclanthology.org/2020.emnlp-main.74.pdf	wu-etal-2020-skip	2020	Feature-KD	seq2seq	1.96, 2.36, 1.85	61M, 52M, 63M	31M, 22M, 34M	n		4	pt, en, tr, de	pt-en, tr-en, en-de	y	y	IWSLT14, NewsTest13, NewsTest14	BLEU	EMNLP	Methods		
https://aclanthology.org/2025.findings-acl.632/	wu-etal-2025-boosting	2025	Seq-KD	LLM-based	1	7B	7B	n		5	cs, en, zh, de, ru	en-cs, cs-en, en-zh, zh-en, en-de, de-en, en-ru, ru-en	y	y	WMT17, WMT20, Flores+, WMT22	COMET, Accuracy	ACL	Methods		
https://aclanthology.org/2025.findings-acl.261/	xu-etal-2025-self-distillation	2025	Feature-KD	seq2seq	1	133M	133M	n		4	en, de, cs, fr	de-en, en-de, cs-en, en-fr	y	y	IWSLT14, WMT14, WMT15, OPUS	COMET, BLEU, ChrF	ACL	Methods		
https://arxiv.org/pdf/1908.05672	yang2022making	2020	Feature-KD	seq2seq	1	65M	65M	y		4	en, de, fr, zh	en-de, en-fr, en-zh	y	y	WMT14, WMT18, WMT17		AAAI	Methods		
https://aclanthology.org/2021.naacl-srw.1.pdf	zouhar-2021-sampling	2021	Seq-KD	seq2seq	3.6	65M	18M	n		3	en, cs, de	cs-en, en-cs, en-de	y	y	Europarl, WMT20	BLEU	NAACL-HLT	Methods		
https://aclanthology.org/2025.acl-short.61/	dankers-raunak-2025-memorization	2025	Seq-KD	seq2seq	3.38	220	65	n	tf base	4	de, en, pl, fr	de-en, en-de, pl-en, en-pl, fr-de	n	n	WMT20	COMET	ACL	Discussion		tf big
https://aclanthology.org/2020.acl-main.15/	renduchintala-etal-2021-gender	2021	Seq-KD	seq2seq	1	tf	NAT (Gu et al 2017)	n		2	de, en	de-en	y	n	IWSLT14	BLEU	ACL	Discussion		
https://aclanthology.org/2021.emnlp-main.803/	vamvas-sennrich-2021-contrastive	2021	Seq-KD	seq2seq	14.9	269.7M	50.9M, 18.1M	n		2	de, en	de-en	y	n	WMT19	BLEU, Accuracy	EMNLP	Discussion		